USER_ID,ITEM_ID,EVENT_VALUE,EVENT_TYPE,TIMESTAMP
76,11,4,Watch,1236494281
81,14,1,Watch,1647803118
20,72,2,Watch,1147657250
44,86,5,Watch,1199493350
57,5,4,Watch,1567295469
20,7,2,Watch,1362121838
92,63,3,Watch,1211375412
88,42,1,Watch,1215028233
73,54,2,Watch,1527796545
70,74,4,Watch,1369878995
5,91,1,Watch,1257928972
5,92,2,Watch,1618287989
99,20,4,Watch,1094062579
96,81,4,Watch,1648305994
36,13,3,Watch,1511497337
72,82,4,Watch,1623402048
34,99,4,Watch,1649518221
21,38,4,Watch,1142199548
42,100,2,Watch,1118100483
74,78,1,Watch,1330308190
13,22,2,Watch,1338801240
50,16,3,Watch,1239937587
13,57,5,Watch,1520666659
29,3,1,Watch,1247994814
28,33,2,Watch,1147873351
7,56,5,Watch,1022412550
30,11,2,Watch,1470823450
65,16,2,Watch,1455320361
96,15,3,Watch,1201993096
72,18,4,Watch,1251972724
70,97,5,Watch,1585253915
64,33,5,Watch,972052487
77,34,3,Watch,990626711
53,6,5,Watch,1335279914
75,1,1,Watch,1430592486
24,72,3,Watch,986546927
31,37,3,Watch,1124868276
66,66,3,Watch,1513869025
61,60,1,Watch,1248772878
29,73,4,Watch,1485219876
37,54,5,Watch,980625479
91,14,4,Watch,1657245360
33,89,3,Watch,1291214290
45,39,5,Watch,1262221829
20,23,1,Watch,1462230116
68,26,1,Watch,1128466088
39,96,3,Watch,1056253625
21,34,5,Watch,1249728834
45,59,2,Watch,1167537606
79,28,3,Watch,1478745259
84,99,1,Watch,1512762993
69,2,1,Watch,1391813491
56,88,1,Watch,980941445
46,61,4,Watch,1314795960
50,78,3,Watch,1169336638
56,18,1,Watch,1647719186
71,76,3,Watch,1040289020
44,81,4,Watch,1038769948
72,78,1,Watch,1327702106
100,40,2,Watch,1364191343
43,58,2,Watch,1039219117
62,5,4,Watch,1327037205
1,57,5,Watch,1358192013
12,99,1,Watch,1529231859
70,83,3,Watch,1054122783
26,10,4,Watch,1503196259
55,72,2,Watch,1110920413
89,2,4,Watch,1398508331
91,98,5,Watch,1425177286
20,99,3,Watch,1282713397
92,36,3,Watch,1075940577
42,96,1,Watch,1004995535
91,28,2,Watch,1424722235
27,40,3,Watch,1651001348
17,80,2,Watch,1227872226
39,73,1,Watch,1486088416
54,72,1,Watch,1620324032
78,8,2,Watch,1199858030
24,71,4,Watch,1008066851
28,55,1,Watch,1044463889
68,55,5,Watch,1598499019
65,95,2,Watch,1033826893
30,63,5,Watch,1490951262
52,94,3,Watch,985756198
26,7,2,Watch,1188609222
75,32,4,Watch,1615393471
50,66,4,Watch,1560441586
69,75,2,Watch,1527978862
1,72,1,Watch,1640717857
79,16,1,Watch,977261477
89,48,4,Watch,1117548307
97,80,5,Watch,1488734609
60,15,3,Watch,1247308058
90,93,3,Watch,1357709161
45,54,5,Watch,1167775546
30,46,3,Watch,1115695296
93,33,2,Watch,1361296107
55,75,3,Watch,1532083707
22,44,1,Watch,1498353239
87,36,1,Watch,1503572886
18,31,4,Watch,1191297941
27,73,5,Watch,1129422336
67,84,4,Watch,1053818795
8,54,2,Watch,1645784417
51,67,4,Watch,1048711177
72,12,1,Watch,1385227169
88,62,1,Watch,1612238689
60,5,5,Watch,1268545711
87,77,3,Watch,1250870093
41,81,3,Watch,1455032871
24,9,4,Watch,1586051728
41,11,4,Watch,1499140184
48,79,3,Watch,1529638922
55,28,2,Watch,1636765916
81,20,4,Watch,987979681
40,29,3,Watch,1012719078
39,78,1,Watch,1479513330
96,22,5,Watch,1630639521
45,17,4,Watch,1527632292
74,35,5,Watch,1624587610
95,12,3,Watch,1455798113
54,15,4,Watch,1642905890
56,78,3,Watch,991189172
81,49,2,Watch,1407448047
8,11,2,Watch,1475700754
93,97,3,Watch,1532858292
57,10,4,Watch,1526157214
89,68,5,Watch,1527600917
83,26,1,Watch,1137849355
52,39,3,Watch,1552130383
52,96,3,Watch,1173371204
87,60,1,Watch,1496473575
14,95,4,Watch,1388435053
55,58,5,Watch,1172435137
100,95,4,Watch,1049253094
44,59,5,Watch,1109140652
91,46,4,Watch,1296219171
13,20,2,Watch,1295541021
29,15,1,Watch,1095481082
18,8,5,Watch,990544695
13,25,4,Watch,1253053294
36,58,3,Watch,1425601915
81,90,4,Watch,1323836718
13,39,5,Watch,1209163475
30,13,1,Watch,1371880623
41,46,3,Watch,1603963512
80,3,2,Watch,1311625317
93,16,3,Watch,1034211170
20,33,4,Watch,1608008947
76,22,5,Watch,1141037624
23,17,4,Watch,1484655771
85,31,1,Watch,1384437454
28,65,2,Watch,1149905419
32,68,4,Watch,1592192656
51,54,4,Watch,1332666948
96,36,4,Watch,980668824
57,99,1,Watch,1234995916
53,94,3,Watch,1387058609
64,65,4,Watch,1114192499
81,77,2,Watch,1474527175
32,66,4,Watch,1283438206
50,8,5,Watch,1560725528
36,80,3,Watch,964987584
71,75,4,Watch,1230730902
10,76,1,Watch,1649084856
18,81,5,Watch,1420614279
48,48,1,Watch,1543366291
90,89,3,Watch,1196770426
75,76,3,Watch,993861660
96,6,5,Watch,1610474770
58,13,5,Watch,1147003483
37,36,5,Watch,1241351529
28,51,4,Watch,1495685003
69,98,4,Watch,1027846015
77,19,2,Watch,1134626665
73,34,3,Watch,1048480754
16,55,3,Watch,1520652761
7,50,2,Watch,1351576816
39,39,4,Watch,1249797403
18,42,3,Watch,1404684873
29,61,2,Watch,1319430098
8,16,1,Watch,1546098142
11,22,3,Watch,1133839302
64,70,5,Watch,1231958666
7,50,4,Watch,1654640481
10,31,2,Watch,1253267114
63,36,4,Watch,1285851401
51,83,3,Watch,1096207149
43,97,1,Watch,1212314655
82,71,1,Watch,1008708829
10,4,5,Watch,1451061155
53,26,3,Watch,1406623138
20,37,3,Watch,1546315013
11,53,1,Watch,1030406331
38,16,2,Watch,1094375529
34,21,2,Watch,1476357461
37,80,1,Watch,1141216705
89,73,3,Watch,1343764782
30,83,4,Watch,1471748586
35,68,2,Watch,1345582749
72,76,1,Watch,1568339258
15,51,2,Watch,1404690264
42,61,5,Watch,1157713551
6,84,2,Watch,1395118657
54,9,3,Watch,1401071343
99,96,3,Watch,1115921801
70,99,5,Watch,1417985845
97,12,4,Watch,1397383457
54,2,2,Watch,1551379854
12,18,4,Watch,1244349748
63,3,5,Watch,1044185775
18,43,5,Watch,1079128713
38,13,4,Watch,1154571379
93,56,4,Watch,1012150625
35,86,4,Watch,1479971601
73,56,5,Watch,1537410650
42,4,5,Watch,1388561292
63,84,4,Watch,1065991173
76,59,1,Watch,1184051463
93,53,2,Watch,1180917344
92,58,3,Watch,1126971590
8,12,4,Watch,1596138496
73,11,2,Watch,1222464991
95,35,1,Watch,1377076370
45,24,4,Watch,1394454222
3,67,5,Watch,1609778279
73,30,3,Watch,1539182360
37,3,4,Watch,1533425741
63,55,2,Watch,1193961221
87,43,5,Watch,1316605538
91,81,5,Watch,1328305457
19,55,4,Watch,1443366752
94,77,1,Watch,1034844279
14,22,1,Watch,1299123358
67,27,4,Watch,1257395614
9,18,3,Watch,1521268569
37,97,1,Watch,1512273925
85,11,4,Watch,1181207486
39,47,2,Watch,1343192864
63,4,1,Watch,1013805328
41,45,5,Watch,1608594078
55,10,3,Watch,1478970546
49,89,2,Watch,1516287656
79,33,3,Watch,1518395668
42,52,2,Watch,1364937311
54,69,5,Watch,1503253517
14,80,3,Watch,1035941108
68,39,3,Watch,1271083788
24,52,3,Watch,1201203100
8,16,1,Watch,1531396868
83,64,4,Watch,998172773
41,82,1,Watch,1379245342
45,41,2,Watch,1485490108
81,85,5,Watch,1542762171
99,8,4,Watch,1175587158
22,94,4,Watch,1109476489
22,20,3,Watch,1329821292
57,97,1,Watch,1619303081
4,78,3,Watch,1466177326
47,72,2,Watch,1464017068
51,30,4,Watch,1582071987
92,24,4,Watch,1376898359
23,75,3,Watch,1363333794
63,15,2,Watch,1183817713
38,8,4,Watch,1364538244
71,83,5,Watch,1287829170
27,85,5,Watch,1551960807
12,48,4,Watch,1521844368
93,93,1,Watch,990910235
48,47,4,Watch,1438566655
63,96,4,Watch,1153965280
91,55,3,Watch,1363749964
28,52,2,Watch,1258144809
76,71,3,Watch,1208615305
58,29,2,Watch,1221578860
65,26,3,Watch,1458098911
62,28,1,Watch,1124362890
92,19,3,Watch,1512039688
93,4,5,Watch,1139722686
68,47,1,Watch,1173544274
60,59,5,Watch,1177700620
32,54,3,Watch,1514001893
91,48,2,Watch,1442232365
29,92,1,Watch,1523954085
91,69,4,Watch,1284714908
77,68,3,Watch,1412183549
31,30,1,Watch,986587738
73,23,2,Watch,1560949819
72,83,3,Watch,1260481999
85,9,5,Watch,1204261277
45,78,3,Watch,1236939356
25,18,2,Watch,1387056367
80,1,5,Watch,1064180676
99,48,3,Watch,1566905818
3,79,4,Watch,1319264092
56,15,3,Watch,1089155554
32,29,2,Watch,1216978223
14,74,2,Watch,1369057884
41,13,3,Watch,1318875861
34,56,4,Watch,1482107939
11,18,5,Watch,967411247
49,72,2,Watch,1639302604
97,43,3,Watch,1604477574
40,93,1,Watch,1429304597
76,7,4,Watch,1091340115
30,17,4,Watch,1009382200
83,62,3,Watch,1339710657
32,74,1,Watch,1053361666
87,91,2,Watch,1013331120
87,95,2,Watch,1266124246
21,61,5,Watch,1428449052
31,69,2,Watch,1234590922
31,91,4,Watch,1311138596
45,71,3,Watch,1071311834
61,62,4,Watch,1294458019
60,40,3,Watch,1163728551
77,29,2,Watch,1378637459
45,13,4,Watch,1113475092
47,9,2,Watch,1625220587
61,81,5,Watch,1150962550
10,66,5,Watch,1597615298
19,49,1,Watch,1465899601
91,19,2,Watch,1008845623
2,63,2,Watch,1410844743
30,76,5,Watch,1016291020
31,43,2,Watch,1114106661
18,90,5,Watch,1371501368
59,23,1,Watch,1646895727
72,43,4,Watch,1415074094
43,34,2,Watch,1323943892
31,96,3,Watch,1335924280
12,95,4,Watch,1104821327
12,9,3,Watch,1420921058
55,42,4,Watch,1299973374
49,54,5,Watch,1620378840
15,10,3,Watch,1491559925
61,34,3,Watch,1297791845
74,66,2,Watch,1196141078
64,81,2,Watch,1637320166
78,17,1,Watch,1545268197
99,60,2,Watch,1497989237
69,77,4,Watch,1303662262
94,64,5,Watch,1632121897
82,23,3,Watch,973032198
70,91,4,Watch,1549213505
97,91,2,Watch,1407701542
63,28,5,Watch,1211366516
30,74,2,Watch,978396670
90,22,3,Watch,1477219228
27,14,3,Watch,1639538739
23,90,4,Watch,1540666136
99,52,3,Watch,1208194988
99,96,5,Watch,1128488896
79,76,1,Watch,1627061033
3,81,2,Watch,1614689904
46,94,3,Watch,1575472367
28,97,1,Watch,1267524447
4,95,4,Watch,1045105223
44,61,2,Watch,1625889245
19,42,3,Watch,1596581680
51,56,1,Watch,1317504066
58,19,1,Watch,1321548130
18,63,4,Watch,1642656653
51,38,3,Watch,969646497
52,10,1,Watch,1026818604
47,14,5,Watch,1082489364
9,15,5,Watch,1333480883
69,18,5,Watch,1003021181
39,100,5,Watch,1511820620
95,75,3,Watch,1522947474
51,82,4,Watch,1375437698
62,17,4,Watch,1509342645
30,69,1,Watch,1206897589
65,78,5,Watch,1340332667
93,80,2,Watch,1288331395
99,51,1,Watch,1289298152
30,90,4,Watch,1597123137
46,40,4,Watch,1222211183
11,1,3,Watch,1492925453
19,11,4,Watch,1545512714
14,22,3,Watch,1293089466
55,74,5,Watch,1105912996
8,28,4,Watch,1047306999
85,38,2,Watch,1275648389
49,34,4,Watch,1026861560
45,99,2,Watch,1276185256
27,40,1,Watch,1450242892
24,86,1,Watch,1149711249
70,35,2,Watch,1276136413
29,80,4,Watch,1443456713
72,62,4,Watch,1006658598
23,31,2,Watch,1050217615
60,82,2,Watch,1138073626
10,62,1,Watch,1596775453
4,61,1,Watch,1389632027
94,38,2,Watch,1619416161
1,34,5,Watch,1034858789
90,56,4,Watch,1206721626
61,63,3,Watch,1117664692
11,86,3,Watch,1570208557
29,12,2,Watch,1617086270
58,30,5,Watch,1253104709
36,88,1,Watch,1150449488
63,89,5,Watch,1144626156
77,62,1,Watch,1074252488
80,71,1,Watch,1565301295
90,95,4,Watch,1486281092
44,2,5,Watch,1339411695
28,49,2,Watch,1270838710
26,39,2,Watch,1026583111
47,16,4,Watch,1047865700
24,97,4,Watch,1194670426
92,21,3,Watch,1419133576
97,85,5,Watch,1330133870
67,68,5,Watch,1429200318
40,4,3,Watch,1149887344
93,84,2,Watch,1039093707
43,28,4,Watch,1357273683
50,95,4,Watch,1226675905
1,55,4,Watch,1518338145
47,4,5,Watch,1461179658
36,1,3,Watch,1496517140
97,68,3,Watch,1556314519
19,43,3,Watch,1089830273
30,55,4,Watch,984060591
48,37,4,Watch,1267568541
86,56,5,Watch,1555701990
60,32,1,Watch,1045876646
18,7,5,Watch,1524904196
62,84,4,Watch,1466990970
66,38,2,Watch,1337828705
25,57,5,Watch,1503220706
7,16,2,Watch,1168259488
59,60,3,Watch,1495160426
57,65,1,Watch,1403969436
67,62,5,Watch,983345051
28,45,4,Watch,977981891
61,17,4,Watch,1146562419
15,74,3,Watch,1157915879
61,58,2,Watch,1348811155
21,62,5,Watch,1483995728
67,75,4,Watch,1344002092
48,65,1,Watch,1077089098
96,27,3,Watch,1609561723
30,96,4,Watch,1080708169
86,71,4,Watch,1134276776
10,81,4,Watch,1168548350
68,84,2,Watch,998741050
15,33,4,Watch,1017456388
57,94,5,Watch,1209081192
68,100,2,Watch,1150369927
54,93,4,Watch,1076045594
10,27,5,Watch,1394520353
68,98,1,Watch,1365055950
41,80,3,Watch,1525369030
76,58,4,Watch,989272121
86,26,3,Watch,1324149201
24,20,2,Watch,1120351948
81,20,1,Watch,1469280629
30,44,3,Watch,1503071994
52,21,4,Watch,1623762044
90,84,5,Watch,1606247243
72,99,1,Watch,1637516306
81,52,4,Watch,1603641316
26,71,3,Watch,1544741233
31,57,5,Watch,1599925061
53,96,1,Watch,1377107063
68,50,1,Watch,1238419152
49,42,2,Watch,1605397161
76,99,3,Watch,1505951823
93,45,2,Watch,1527137524
4,59,5,Watch,1253769728
83,32,2,Watch,1643169492
81,55,1,Watch,1249394474
70,6,5,Watch,1325493200
97,31,5,Watch,1227180307
47,57,3,Watch,1013144163
25,68,2,Watch,1053176588
40,80,5,Watch,979324263
53,40,5,Watch,1259770951
73,39,1,Watch,1330162619
24,91,2,Watch,1287835715
52,36,3,Watch,1423472960
23,98,2,Watch,1177392742
52,74,3,Watch,1350730725
38,14,5,Watch,1612266625
78,22,3,Watch,1008418982
22,30,2,Watch,1273411865
93,71,1,Watch,1147444040
88,96,2,Watch,1327588910
46,30,5,Watch,1270267678
20,97,1,Watch,1234872533
21,12,5,Watch,1333565317
36,66,2,Watch,1445845463
30,80,1,Watch,1159340763
35,12,4,Watch,1435698785
83,5,4,Watch,1175467294
94,65,3,Watch,1435122272
96,81,1,Watch,1470485660
90,82,1,Watch,1656058840
77,100,2,Watch,1009763680
19,88,3,Watch,1557132407
95,12,4,Watch,1000043140
11,87,3,Watch,1361085757
53,42,1,Watch,1515665144
90,8,4,Watch,1547950130
77,65,3,Watch,1604185678
68,69,3,Watch,1240253125
47,69,5,Watch,1255457579
79,99,2,Watch,1651944374
46,74,1,Watch,1177194506
71,45,4,Watch,1172929039
48,27,2,Watch,1618565154
67,41,2,Watch,966957606
41,20,4,Watch,1144626570
33,55,4,Watch,1097078530
93,50,1,Watch,1256983495
37,95,2,Watch,996515540
89,33,1,Watch,986049869
1,64,4,Watch,1104121639
93,53,4,Watch,1444282193
74,40,2,Watch,1655976047
5,47,1,Watch,1614885661
58,57,2,Watch,1059507946
74,79,1,Watch,1186861413
32,96,3,Watch,1236829409
37,65,4,Watch,1367681251
43,19,1,Watch,1106728317
95,85,5,Watch,1303382054
99,10,5,Watch,1499097880
1,54,2,Watch,1649601701
39,6,4,Watch,1354151338
29,91,4,Watch,1515658958
70,34,2,Watch,1165892820
48,81,1,Watch,1279934495
96,22,3,Watch,1165507580
34,53,1,Watch,1530150381
19,44,4,Watch,1440589780
52,67,2,Watch,968583373
7,51,5,Watch,1113682968
5,59,4,Watch,1115852581
55,82,5,Watch,1625734602
78,19,2,Watch,1190845035
70,62,4,Watch,1027921099
92,85,3,Watch,1538436690
33,85,1,Watch,1016255181
27,15,2,Watch,978667562
78,81,1,Watch,1591596453
95,69,2,Watch,1286297634
33,89,5,Watch,1571317800
45,70,5,Watch,1207129973
98,9,5,Watch,1531724592
43,91,5,Watch,1621395685
60,97,3,Watch,1112416010
93,32,4,Watch,1099745799
79,68,2,Watch,1287862843
39,11,1,Watch,1033817288
78,71,2,Watch,1562397480
70,97,1,Watch,1143014651
36,50,4,Watch,1210911849
49,19,2,Watch,1082289390
3,92,3,Watch,1194862227
18,93,2,Watch,1430683565
8,1,5,Watch,974403313
33,24,2,Watch,1243099383
93,41,1,Watch,1137759170
16,97,1,Watch,1079828167
16,82,1,Watch,1269599147
19,86,2,Watch,1317889808
79,2,5,Watch,1583487319
19,98,5,Watch,1343157324
32,35,2,Watch,1487293617
76,97,1,Watch,1380138516
76,83,5,Watch,1499676518
100,67,3,Watch,1657429560
2,28,2,Watch,1131471287
71,12,3,Watch,1004004441
10,67,2,Watch,1068343820
22,69,4,Watch,1309608760
35,28,5,Watch,1105697427
34,38,5,Watch,1592963993
90,66,4,Watch,1517544916
33,90,5,Watch,1374016779
38,76,4,Watch,1281365306
6,65,4,Watch,1060692514
36,63,3,Watch,1618550017
36,100,5,Watch,1339540594
74,85,2,Watch,1249767685
47,30,1,Watch,1092280304
71,47,5,Watch,1137528725
1,19,4,Watch,1027341019
33,41,4,Watch,1442617031
54,59,1,Watch,1566159414
75,48,4,Watch,1617324016
4,4,4,Watch,1057896098
13,91,4,Watch,1523343132
60,76,5,Watch,1164815953
56,88,2,Watch,994379007
70,80,5,Watch,1254536748
70,23,3,Watch,1250963027
48,40,2,Watch,1493807038
99,30,2,Watch,1521220971
16,65,3,Watch,1491448678
75,67,3,Watch,1362490266
100,41,5,Watch,1240316859
12,7,5,Watch,1075168086
88,31,4,Watch,1473897723
70,94,5,Watch,1384626803
55,87,4,Watch,987755575
67,11,4,Watch,1436261856
60,55,3,Watch,984515407
13,91,3,Watch,1325420751
98,24,3,Watch,1177883840
37,61,5,Watch,1443833792
90,47,4,Watch,1610127667
40,94,4,Watch,1217243690
4,92,3,Watch,1587902677
25,81,3,Watch,965263022
74,27,3,Watch,1633664018
82,7,3,Watch,1338667055
48,42,4,Watch,1293158470
85,95,2,Watch,1498225796
42,74,1,Watch,1075913335
73,58,1,Watch,1548775012
96,2,3,Watch,1444794562
82,57,1,Watch,1616126571
41,94,2,Watch,1585091486
32,42,3,Watch,1104528248
96,23,2,Watch,1133102548
97,55,2,Watch,1144002264
34,12,1,Watch,1028027283
53,81,2,Watch,1113087119
25,66,2,Watch,1150534650
90,17,2,Watch,1590627443
75,4,5,Watch,1041764654
84,78,3,Watch,1590666199
32,47,5,Watch,1328502171
80,5,2,Watch,1361294983
98,76,1,Watch,1217354050
15,57,4,Watch,1598743902
67,82,2,Watch,1636001202
46,87,4,Watch,1435456028
65,21,3,Watch,1363296307
23,11,3,Watch,1114450197
35,21,3,Watch,1089461795
13,41,3,Watch,1096316043
81,14,5,Watch,1106849575
20,45,2,Watch,1383738068
90,45,4,Watch,1575731382
58,43,3,Watch,1223989604
54,55,5,Watch,1629418184
99,59,4,Watch,1459854389
99,1,5,Watch,1390507556
22,18,2,Watch,1038690444
25,50,2,Watch,1098334917
65,47,5,Watch,1602133667
32,50,5,Watch,1258783528
30,1,3,Watch,1025918642
3,72,2,Watch,1249618701
100,62,5,Watch,1426383068
95,10,5,Watch,996341257
85,24,3,Watch,1478462518
2,94,4,Watch,1289892245
81,78,2,Watch,1258915521
19,37,1,Watch,1569170077
18,75,1,Watch,1106680324
30,60,3,Watch,1118949545
31,95,5,Watch,1429838781
90,26,2,Watch,1137227063
30,45,2,Watch,1519751366
84,95,2,Watch,1451978955
38,26,3,Watch,1258288047
75,75,3,Watch,1438650018
61,3,3,Watch,1298738148
94,23,3,Watch,1396873779
19,52,4,Watch,1336609574
75,41,2,Watch,1584794142
31,1,4,Watch,1349657864
53,14,2,Watch,1127071174
37,37,3,Watch,1178322176
3,38,4,Watch,1563030970
16,42,1,Watch,1593628446
57,47,4,Watch,971437209
2,5,3,Watch,1086830498
15,84,5,Watch,1639388156
88,28,3,Watch,1102118335
27,92,4,Watch,994379195
33,54,2,Watch,1327449101
51,94,1,Watch,1267206289
36,66,4,Watch,1619239014
8,89,1,Watch,1365126901
44,13,3,Watch,1454998293
47,34,1,Watch,1317225473
99,33,2,Watch,1236299348
96,11,2,Watch,1236610082
34,50,4,Watch,1399436406
51,57,3,Watch,1021096452
88,55,2,Watch,1197499403
4,73,1,Watch,1181838478
62,50,1,Watch,1630769374
24,20,1,Watch,1008366449
77,60,5,Watch,1259521375
3,38,5,Watch,1336204184
10,50,3,Watch,1510415096
97,84,2,Watch,1012151838
79,27,2,Watch,1573035171
45,54,3,Watch,1140345233
36,36,2,Watch,1483844607
24,39,1,Watch,1346347560
31,86,3,Watch,1367563357
96,86,1,Watch,1381158546
35,58,5,Watch,1212978177
70,6,1,Watch,1077614372
78,94,4,Watch,1347846819
75,75,4,Watch,1195077142
45,90,4,Watch,1007831738
5,59,1,Watch,1128120263
73,10,4,Watch,1100370190
50,99,5,Watch,1244403193
70,9,5,Watch,1453302548
64,18,4,Watch,1515536085
72,80,2,Watch,1651764806
26,26,4,Watch,1088005309
90,2,2,Watch,1645909468
68,4,3,Watch,1386904460
88,36,3,Watch,1017755652
94,23,1,Watch,1216669072
72,46,2,Watch,1238803767
29,38,3,Watch,1518996276
5,4,2,Watch,1521265723
11,48,3,Watch,1503397366
47,65,1,Watch,1147146795
20,67,2,Watch,1629300912
36,3,4,Watch,1055100460
33,80,5,Watch,1365848198
51,80,2,Watch,1604633777
59,28,5,Watch,1501376954
98,27,5,Watch,1414598757
76,3,1,Watch,989511122
59,63,5,Watch,1098018648
94,1,3,Watch,1488935924
91,54,2,Watch,1298582952
20,3,3,Watch,1041256012
20,66,5,Watch,1647409358
93,100,5,Watch,1301257886
15,61,1,Watch,1641702903
51,69,1,Watch,1012306848
74,57,4,Watch,1545405735
69,39,5,Watch,1645722334
74,62,4,Watch,1050090124
45,31,1,Watch,1297964875
60,67,2,Watch,1140181646
60,64,3,Watch,1087904649
27,57,2,Watch,1575587700
8,44,3,Watch,1187636909
99,93,3,Watch,1609574165
91,70,1,Watch,1583458046
89,91,5,Watch,1375374150
7,58,5,Watch,1167216206
32,63,1,Watch,1425344978
35,15,1,Watch,1352131277
56,64,5,Watch,1125361585
35,80,1,Watch,1130728634
18,5,4,Watch,1165233412
36,40,2,Watch,1623872422
50,23,2,Watch,1600441161
33,51,1,Watch,1620374885
87,62,4,Watch,1426846344
73,62,1,Watch,1521447117
47,37,2,Watch,1137037030
95,51,2,Watch,1364424329
7,84,5,Watch,1486945106
70,10,3,Watch,1551042819
82,20,4,Watch,1140646487
47,88,4,Watch,1076681588
93,31,5,Watch,1108163046
62,6,2,Watch,1558392660
35,39,4,Watch,1605665627
84,73,3,Watch,1204348276
97,70,4,Watch,1282576180
11,30,5,Watch,1088962060
22,47,4,Watch,1022556934
45,82,3,Watch,1222603516
61,23,5,Watch,1169506579
71,21,5,Watch,1137952861
87,16,5,Watch,1110606341
67,78,5,Watch,1555650342
40,80,2,Watch,1545682424
6,99,5,Watch,1237505680
51,58,1,Watch,1619535333
29,28,3,Watch,1140445942
4,64,2,Watch,1309321285
88,50,4,Watch,1426758985
38,14,3,Watch,1192559346
7,94,1,Watch,1114983283
69,68,1,Watch,1270671026
48,39,1,Watch,1478362663
29,56,1,Watch,1202733434
14,53,3,Watch,1047262586
50,80,5,Watch,1651384096
47,57,5,Watch,1631965211
64,86,2,Watch,1311810247
72,78,3,Watch,1421592086
97,92,4,Watch,1158018791
83,52,2,Watch,1348268613
77,91,3,Watch,1459110265
15,99,1,Watch,1445777314
45,65,1,Watch,1301576614
76,84,1,Watch,1459278628
25,88,2,Watch,997014520
48,57,2,Watch,1281081755
55,25,2,Watch,1391696627
99,71,3,Watch,1547580410
37,99,4,Watch,1173933664
36,4,5,Watch,1210268868
69,28,4,Watch,1573951108
2,41,3,Watch,1312230612
66,34,2,Watch,1377283403
3,1,2,Watch,1049368577
62,57,5,Watch,1217669383
33,40,5,Watch,1293716074
37,85,5,Watch,1222104311
48,8,4,Watch,1042986674
71,55,3,Watch,1494337980
39,75,2,Watch,1471440261
47,44,2,Watch,1309264662
18,48,1,Watch,1364501948
14,100,2,Watch,1606200558
27,51,5,Watch,1452525991
32,95,3,Watch,1145664292
55,97,4,Watch,1607330420
63,74,5,Watch,978243397
85,38,3,Watch,1519952800
42,19,5,Watch,1340550987
23,90,5,Watch,1270807722
73,22,4,Watch,1246154813
76,35,1,Watch,1351100638
14,68,1,Watch,1578248123
88,51,1,Watch,1409701884
15,67,5,Watch,1346991650
71,66,4,Watch,1267950769
25,15,3,Watch,1620290882
65,63,4,Watch,1513910641
26,74,3,Watch,1064055898
60,24,3,Watch,1605307102
16,27,1,Watch,1092471619
83,45,3,Watch,1641596130
43,77,4,Watch,1001739113
12,60,5,Watch,1176580985
95,83,3,Watch,1048314401
57,15,2,Watch,1332472005
38,38,3,Watch,1285148368
49,3,3,Watch,1588640803
55,93,1,Watch,1027037382
66,23,1,Watch,1386728206
63,83,5,Watch,1042612491
4,31,2,Watch,999013602
77,55,4,Watch,1479452671
41,83,5,Watch,1293072603
62,19,4,Watch,1047441366
2,61,3,Watch,1584019738
87,74,3,Watch,1086634273
79,18,1,Watch,1117539778
2,31,2,Watch,1655615061
3,66,4,Watch,1637323969
30,89,5,Watch,1042822579
69,2,1,Watch,1560897254
25,52,5,Watch,1201888561
32,55,1,Watch,1143982949
40,89,3,Watch,1453517457
21,55,2,Watch,1133494167
18,12,2,Watch,1612771775
89,77,5,Watch,1203508651
30,63,4,Watch,1315793636
16,80,3,Watch,1539068419
40,73,3,Watch,1400674176
25,60,5,Watch,1485211361
27,73,1,Watch,1102487488
7,54,5,Watch,1457708681
79,7,3,Watch,1400813330
19,32,5,Watch,1537175381
4,16,2,Watch,1024899464
84,43,3,Watch,971961456
85,29,1,Watch,1221386707
38,75,5,Watch,1222317617
22,39,5,Watch,1002224054
70,14,4,Watch,997505415
28,93,2,Watch,1217293059
97,44,2,Watch,1336834293
4,82,1,Watch,1453179093
44,67,1,Watch,1377105632
47,3,4,Watch,1338115211
59,68,1,Watch,1058952284
82,96,5,Watch,1566600170
21,75,4,Watch,1239982965
93,2,4,Watch,985556335
48,26,1,Watch,1186511648
43,97,3,Watch,1043118716
57,12,2,Watch,1362479555
15,49,4,Watch,1381091012
28,14,3,Watch,1130099500
75,22,5,Watch,1600784296
92,81,2,Watch,1394182116
12,2,4,Watch,1293248057
91,63,1,Watch,1493498374
12,9,4,Watch,1545514463
34,50,5,Watch,1535324543
2,44,3,Watch,1257069793
57,83,1,Watch,1400852930
30,16,5,Watch,1437530410
17,88,1,Watch,1152569162
34,1,5,Watch,1602762178
85,33,3,Watch,1585669453
89,20,4,Watch,1642385805
70,91,5,Watch,981970174
11,60,5,Watch,1085669890
4,35,5,Watch,1104628199
72,1,3,Watch,1259063778
25,78,4,Watch,1336178555
59,58,3,Watch,1417749003
69,85,5,Watch,1247345661
90,29,2,Watch,1166260045
64,100,3,Watch,1265260732
72,41,2,Watch,1040545661
51,64,5,Watch,1555715736
18,85,1,Watch,1425820710
62,100,5,Watch,1118513661
67,56,5,Watch,1289985239
56,22,4,Watch,1642247002
36,18,4,Watch,1502820837
15,52,1,Watch,1206058853
52,5,5,Watch,1095097511
83,79,5,Watch,1593375051
83,76,5,Watch,1134739933
17,89,3,Watch,1649657483
28,28,5,Watch,1001232166
52,59,2,Watch,1049588557
15,65,4,Watch,1475181379
5,22,1,Watch,1493224353
30,45,2,Watch,1089782963
82,3,1,Watch,1381739674
43,85,1,Watch,1002663726
33,91,5,Watch,1603879507
4,22,4,Watch,1460539336
46,4,1,Watch,1428746321
57,35,3,Watch,1148565642
54,65,5,Watch,1185566989
79,53,3,Watch,1350806256
94,76,1,Watch,1215784238
77,89,2,Watch,1615605086
70,3,3,Watch,1536204905
11,31,4,Watch,1657435118
67,21,5,Watch,1475971236
46,8,4,Watch,1636536278
5,81,1,Watch,1234123682
43,49,2,Watch,1652639404
67,22,5,Watch,982788974
55,5,2,Watch,1317512302
43,48,1,Watch,1327286543
28,40,5,Watch,1057068271
58,96,2,Watch,1023836874
1,20,5,Watch,1313154800
35,34,1,Watch,1141782548
24,57,4,Watch,980092072
39,29,5,Watch,1068772999
66,18,1,Watch,1354047477
67,17,1,Watch,1270665281
33,86,2,Watch,1184418085
52,31,3,Watch,1569202405
94,31,3,Watch,1004495852
21,97,3,Watch,1598321802
87,68,1,Watch,1635932908
60,80,5,Watch,988452930
23,25,3,Watch,1287698457
16,14,1,Watch,1101634753
55,88,2,Watch,1562814234
81,6,5,Watch,1178108823
33,70,2,Watch,1449206444
36,8,3,Watch,1590226781
31,37,1,Watch,1111228528
61,71,2,Watch,1617209278
92,50,2,Watch,1005995144
53,8,2,Watch,1394231144
46,2,3,Watch,1086446894
60,28,5,Watch,1336694435
36,61,4,Watch,1258851142
12,98,3,Watch,1485748287
85,63,1,Watch,1311381791
26,72,2,Watch,1174769089
26,1,1,Watch,1398141167
23,47,4,Watch,1307828478
72,51,5,Watch,1310718717
26,31,2,Watch,1129347893
22,49,5,Watch,1296890966
38,44,4,Watch,1532445797
35,79,5,Watch,1239382870
95,59,4,Watch,1272661594
29,9,3,Watch,1061110975
20,98,4,Watch,1022633267
45,42,5,Watch,1570284761
17,93,2,Watch,1353413897
37,64,2,Watch,1444572825
35,70,5,Watch,1569691098
13,33,3,Watch,1262235370
73,63,5,Watch,1092060967
82,69,3,Watch,1512506523
48,36,4,Watch,1336345252
96,91,4,Watch,1442920826
100,82,5,Watch,1299247715
19,32,1,Watch,1051312821
52,14,5,Watch,1001429194
64,97,1,Watch,1302816351
11,16,5,Watch,1510327015
34,87,5,Watch,1372518406
40,16,4,Watch,1311238678
26,25,5,Watch,1561976342
59,2,2,Watch,1122550794
50,14,3,Watch,1199782759
61,26,2,Watch,1541125757
66,61,3,Watch,974688167
19,28,5,Watch,1606481200
78,65,1,Watch,1394872236
86,5,4,Watch,1168450766
35,100,1,Watch,976778783
76,2,3,Watch,1546980578
44,47,3,Watch,996894577
10,17,5,Watch,1059910547
58,3,4,Watch,1615340244
79,40,4,Watch,1347857047
22,99,3,Watch,1072645934
31,79,5,Watch,1045998826
83,38,5,Watch,1245467559
54,84,1,Watch,1593839438
78,80,3,Watch,1230938031
62,19,5,Watch,997855320
79,90,5,Watch,1595852696
8,16,2,Watch,1141503076
57,58,1,Watch,1323950753
98,76,3,Watch,1628712462
100,3,1,Watch,1550752750
90,40,4,Watch,1231942428
45,97,1,Watch,1479194060
48,93,4,Watch,1085244020
47,20,2,Watch,1634375211
92,76,2,Watch,1432781891
42,52,4,Watch,1298448320
81,29,3,Watch,1418464992
95,94,2,Watch,1031337881
98,28,1,Watch,1522480897
67,17,3,Watch,1243240136
60,51,3,Watch,1198520701
51,56,2,Watch,1318604146
66,92,2,Watch,1212947888
27,86,4,Watch,1260588912
2,95,5,Watch,1068812048
74,69,5,Watch,1013558830
79,22,1,Watch,1494944630
60,72,1,Watch,1468081969
20,92,2,Watch,1531993006
39,38,5,Watch,1339566539
46,30,1,Watch,1353708180
18,59,2,Watch,1334032268
46,84,1,Watch,1594776773
86,52,1,Watch,1264928050
1,89,5,Watch,1597356610
59,65,5,Watch,1022499723
51,75,3,Watch,1636342250
8,96,3,Watch,1624014004
77,90,3,Watch,974740609
27,94,4,Watch,987109919
8,15,2,Watch,1052534034
59,52,2,Watch,1024852383
24,83,1,Watch,1631645121
51,37,1,Watch,1349078683
94,68,1,Watch,1271782987
99,87,5,Watch,1532821410
78,5,2,Watch,1085239198
32,3,2,Watch,1160920639
84,26,3,Watch,1006305851
70,79,5,Watch,1081311821
74,85,1,Watch,1462024283
51,77,1,Watch,1290737345
72,75,5,Watch,1652210165
47,1,2,Watch,1062902460
68,1,5,Watch,1443375388
87,54,1,Watch,1031076139
96,94,5,Watch,1046850931
44,79,1,Watch,1605452561
49,69,1,Watch,1268000373
25,31,4,Watch,1476425896
63,2,4,Watch,1492660140
59,48,5,Watch,1212748907
80,97,1,Watch,1450272961
80,47,5,Watch,1274146892
85,82,4,Watch,1029920800
57,10,2,Watch,1009756723
30,39,4,Watch,1457864115
51,55,4,Watch,1622606099
98,38,1,Watch,1391014707
40,33,1,Watch,1346189945
86,100,4,Watch,1376322625
98,43,3,Watch,1200701869
50,37,5,Watch,1503484073
46,6,5,Watch,1180316501
13,49,5,Watch,1551448743
84,70,5,Watch,1171497623
40,47,2,Watch,1111576099
91,84,3,Watch,1158981338
86,61,2,Watch,1467602427
23,30,1,Watch,1001402918
30,99,4,Watch,1224990853
57,68,3,Watch,1152229385
9,45,4,Watch,1063466872
77,66,5,Watch,1182463190
30,41,5,Watch,975056804
59,21,4,Watch,1516142690
72,15,5,Watch,1284736249
80,8,3,Watch,1642805408
96,34,2,Watch,1028549540
95,24,2,Watch,991441387
33,36,3,Watch,1509891456
83,50,4,Watch,1073098278
50,94,4,Watch,1087015393
28,5,2,Watch,1193457524
54,77,2,Watch,1333223624
30,99,1,Watch,1638131237
14,14,2,Watch,1241836995
20,89,4,Watch,1256604695
64,44,4,Watch,1492175290
4,84,3,Watch,1167551300
2,24,2,Watch,1201122376
64,26,5,Watch,1150279218
31,20,2,Watch,1463078714
94,19,5,Watch,1381364555
22,12,3,Watch,1042668693
50,1,4,Watch,1562033006
34,39,2,Watch,1018072075
12,84,3,Watch,1408720883
94,24,4,Watch,1415707043
78,46,1,Watch,1314645637
13,3,3,Watch,1232340549
34,56,2,Watch,1304626003
77,28,4,Watch,1366984181
20,11,5,Watch,1060944125
57,48,2,Watch,1077749575
59,92,2,Watch,1155262849
72,90,5,Watch,1236037136
84,49,2,Watch,991716235
97,3,1,Watch,1419048278
82,80,3,Watch,1491812952
72,36,1,Watch,1382179469
66,13,1,Watch,1172701054
79,79,4,Watch,1621737978
56,71,2,Watch,999602144
23,69,3,Watch,1214541181
50,45,1,Watch,1642632964
83,22,4,Watch,1079453521
95,54,5,Watch,1553278265
73,83,5,Watch,1264002773
7,33,3,Watch,1599683576
10,77,4,Watch,1282123155
96,10,5,Watch,1134997902
34,45,1,Watch,1567655297
6,17,5,Watch,1481781162
58,93,1,Watch,1205965148
16,2,2,Watch,1330227931
9,52,5,Watch,1109482942
60,84,5,Watch,1484424835
85,12,2,Watch,1311977714
31,56,4,Watch,1023513781
99,71,1,Watch,1524794003
32,29,5,Watch,1301583552
49,63,5,Watch,972143673
17,76,1,Watch,1483014526
17,20,1,Watch,1180442796
29,13,4,Watch,1343472868
62,51,2,Watch,1000484424
55,53,1,Watch,1514737824
74,38,5,Watch,1089020049
75,3,3,Watch,1564942235
90,54,2,Watch,1067114500
28,46,5,Watch,1610909679
6,49,4,Watch,1202254650
89,37,3,Watch,1236760246
84,77,5,Watch,1407105021
34,84,2,Watch,1319856792
49,4,3,Watch,1083982446
8,71,3,Watch,1161464426
54,12,5,Watch,1098055180
74,57,2,Watch,1124503194
1,88,5,Watch,1095711912
81,60,2,Watch,1322094155
81,73,1,Watch,1105361590
6,49,4,Watch,1357992699
99,45,1,Watch,1383590734
6,97,3,Watch,1606172963
75,58,4,Watch,1417060889
96,60,2,Watch,1543615892
6,54,2,Watch,1437748300
99,82,2,Watch,1067269281
55,78,5,Watch,1362138978
92,86,3,Watch,1496730252
93,32,3,Watch,1569486407
77,2,3,Watch,1003450453
18,9,2,Watch,1448554160
22,97,2,Watch,1615789000
20,66,3,Watch,976524655
69,28,2,Watch,1403922738
73,50,4,Watch,1494782424
86,79,3,Watch,1183315490
6,98,2,Watch,1512994864
69,24,1,Watch,1200491844
1,51,1,Watch,1237098438
27,15,2,Watch,1030068883
29,96,2,Watch,1383352529
86,27,3,Watch,1198188749
2,51,1,Watch,1002917134
66,55,3,Watch,967022319
9,18,2,Watch,1658442223
42,78,4,Watch,1325981696
30,66,1,Watch,1553693280
78,43,1,Watch,1180469837
63,85,5,Watch,1363174930
67,60,3,Watch,1091423155
14,62,2,Watch,1159379965
73,92,4,Watch,1362716019
15,100,2,Watch,966737553
89,39,2,Watch,1646567378
63,29,4,Watch,1246039551
90,60,1,Watch,1434611941
24,48,4,Watch,1091819466
25,100,1,Watch,1573737878
6,62,1,Watch,1082578051
55,52,3,Watch,1117464363
49,85,5,Watch,1197968137
52,3,5,Watch,1633554416
37,71,1,Watch,1372168065
71,59,4,Watch,1644615063
93,69,2,Watch,1558027183
98,26,5,Watch,1164057470
14,85,1,Watch,1511037892
79,98,5,Watch,1270144341
16,52,2,Watch,998979039
33,33,2,Watch,1620019253
77,100,5,Watch,1439072619
45,68,4,Watch,1368227585
69,19,1,Watch,1467621749
85,97,2,Watch,1208285736
54,9,4,Watch,1185897955
99,91,4,Watch,1214574065
1,84,2,Watch,1210078934
91,5,2,Watch,1536607599
31,64,4,Watch,1628618004
45,91,2,Watch,1043223225
20,93,3,Watch,1459653041
36,72,5,Watch,1329036144
65,45,4,Watch,1500421107
53,8,5,Watch,1313076595
40,24,3,Watch,1480863435
94,68,5,Watch,1405368506
19,85,2,Watch,1241666982
99,99,4,Watch,1041960938
20,16,3,Watch,1153748477
48,42,2,Watch,1056262041
55,81,1,Watch,1422946949
62,26,1,Watch,1641208663
74,73,5,Watch,1533351633
71,46,4,Watch,1430625741
86,50,4,Watch,1159906319
79,11,5,Watch,1241456632
19,33,5,Watch,977402662
38,95,4,Watch,1195849351
11,9,2,Watch,1581158896
57,89,2,Watch,1612808462
72,99,1,Watch,1632160547
21,54,2,Watch,1561315629
73,31,1,Watch,1270527720
25,98,4,Watch,1211703543
52,15,2,Watch,1151778225
83,63,2,Watch,1286637870
44,94,3,Watch,994151446
61,33,2,Watch,1425630155
62,33,1,Watch,1336820368
36,66,5,Watch,1024906364
74,53,4,Watch,1073860870
35,91,1,Watch,1125167836
35,67,4,Watch,1644859149
63,89,2,Watch,1325945200
19,5,3,Watch,1319960346
29,67,5,Watch,1147200161
87,78,2,Watch,1470362253
97,49,4,Watch,1121300708
100,13,2,Watch,1110504659
79,50,1,Watch,1021201941
77,32,4,Watch,1397750430
66,36,1,Watch,1183931130
13,74,5,Watch,1018210523
27,87,1,Watch,1426510877
6,57,5,Watch,1462622889
65,50,4,Watch,1076120596
63,11,3,Watch,1063642955
72,100,1,Watch,1578491650
31,65,2,Watch,1167402371
38,78,4,Watch,1125726506
95,60,3,Watch,1003826707
31,92,3,Watch,1559375462
77,26,2,Watch,1472586317
40,68,3,Watch,1498194641
46,43,2,Watch,1400546307
68,74,1,Watch,1039320441
53,7,1,Watch,1117491748
15,59,2,Watch,1114396097
86,24,1,Watch,1221276028
94,98,2,Watch,1321120863
22,96,4,Watch,1597013903
64,54,5,Watch,1005749816
18,58,3,Watch,1335626364
82,52,1,Watch,1444060836
45,27,1,Watch,1262911446
13,8,2,Watch,1605290147
25,100,1,Watch,1521565177
98,26,2,Watch,1014825529
24,74,5,Watch,973947212
33,76,5,Watch,1071014705
11,52,4,Watch,1152798979
22,61,4,Watch,1050571094
5,68,1,Watch,1605591784
49,68,2,Watch,1229332437
72,15,1,Watch,1168685506
70,29,1,Watch,1158020698
3,50,4,Watch,1390083125
34,74,2,Watch,1318941010
56,33,2,Watch,1430747746
32,45,4,Watch,1198007570
100,43,4,Watch,1125199134
100,87,3,Watch,1083587893
45,55,4,Watch,1431023014
82,22,5,Watch,1243475597
45,49,2,Watch,1453480495
48,99,4,Watch,1277593845
78,88,2,Watch,1575686199
61,52,1,Watch,1034344310
4,1,3,Watch,1604522667
89,8,1,Watch,1253150069
54,34,2,Watch,1246745571
43,44,3,Watch,1652763532
13,38,2,Watch,1031791042
39,90,3,Watch,1047152256
19,68,2,Watch,1608808194
67,11,1,Watch,1514916129
59,19,1,Watch,1044872115
16,39,1,Watch,1124778198
42,12,1,Watch,1493123622
76,8,3,Watch,1636537536
55,96,1,Watch,1382764810
13,63,2,Watch,1021899102
16,10,1,Watch,1296586989
99,15,3,Watch,1551875128
92,87,4,Watch,1611142947
3,91,1,Watch,1199279206
66,27,4,Watch,970628591
98,58,2,Watch,1013923529
26,34,4,Watch,1563646986
94,38,2,Watch,1489444076
10,51,5,Watch,1358362061
61,30,2,Watch,1159803408
49,41,2,Watch,1367608927
2,87,5,Watch,1053772638
7,53,2,Watch,1596888707
95,10,1,Watch,1148209645
56,97,3,Watch,1019912402
69,90,2,Watch,1002699278
67,25,5,Watch,1624018803
17,94,5,Watch,1035540566
2,85,5,Watch,1584928429
33,57,1,Watch,1383420453
59,51,3,Watch,1465937129
54,12,4,Watch,1177287513
93,8,5,Watch,1236019760
60,63,1,Watch,1202711962
52,48,5,Watch,1047500821
60,5,1,Watch,1618329672
25,41,5,Watch,1329258629
21,79,5,Watch,1505037848
63,17,5,Watch,1499098142
70,71,1,Watch,1425870687
18,73,4,Watch,1524447360
74,66,3,Watch,1592169593
21,92,1,Watch,1486616819
14,26,3,Watch,1599638257
83,28,1,Watch,1304565162
56,59,1,Watch,1232940858
81,97,4,Watch,1251361561
10,59,1,Watch,1059043840
38,8,5,Watch,1279623933
83,82,1,Watch,1236702812
95,3,5,Watch,1429676042
66,37,2,Watch,1607975961
68,70,5,Watch,1088444374
76,58,3,Watch,1262888562
15,78,4,Watch,1124298266
73,52,5,Watch,1657866763
87,88,1,Watch,1237646742
19,23,4,Watch,1064386584
48,2,3,Watch,972879036
43,87,1,Watch,1556767418
29,86,2,Watch,1043364304
58,57,2,Watch,1527945046
84,99,2,Watch,1181236038
39,10,2,Watch,1365914327
14,28,5,Watch,1127251237
23,53,5,Watch,1135577790
35,18,4,Watch,1471651219
62,7,3,Watch,1043845236
71,6,3,Watch,1021214295
40,97,4,Watch,1306555068
92,59,4,Watch,1612421489
86,89,1,Watch,1292621558
87,89,3,Watch,1100439491
62,34,1,Watch,1570109639
36,64,4,Watch,1587658370
55,96,5,Watch,1302896471
58,73,2,Watch,1285260625
38,63,3,Watch,1390670783
34,17,5,Watch,1374730849
35,64,5,Watch,1255072881
69,63,1,Watch,1020462186
66,38,5,Watch,1532669853
25,13,4,Watch,1527248484
69,70,5,Watch,1247440159
37,83,5,Watch,1612105115
20,59,2,Watch,1223012718
93,89,5,Watch,1406847190
12,76,1,Watch,1004286523
21,30,4,Watch,1528789331
86,23,1,Watch,1401487537
17,58,2,Watch,1003698210
49,76,2,Watch,1310066677
51,40,2,Watch,1648782465
61,35,5,Watch,1263635409
59,94,4,Watch,1048169822
11,64,4,Watch,1197636091
95,79,2,Watch,1248978399
72,100,5,Watch,1481367293
92,22,1,Watch,1138444773
13,31,4,Watch,1375066956
80,58,4,Watch,968291844
9,21,1,Watch,1550938383
11,94,3,Watch,1502601996
56,96,2,Watch,1346121602
9,33,5,Watch,1449787873
73,44,2,Watch,1615131870
92,80,1,Watch,1531494013
78,84,3,Watch,1147646437
52,54,2,Watch,1169334641
74,6,2,Watch,1429331556
54,10,1,Watch,1030998106
65,10,3,Watch,1402514462
54,1,3,Watch,1245063208
30,30,5,Watch,1219554647
17,45,4,Watch,1080091446
100,96,4,Watch,1028538835
56,96,4,Watch,1107043990
13,26,4,Watch,1099649427
1,24,3,Watch,1654859714
40,61,4,Watch,1213057370
26,7,5,Watch,1431127056
71,67,1,Watch,1421056340
85,32,3,Watch,1300832208
53,51,2,Watch,1645773040
42,48,3,Watch,1424205461
42,83,2,Watch,1614916852
81,23,5,Watch,1339460569
63,51,4,Watch,1405160860
77,96,1,Watch,1317590227
70,79,4,Watch,1024750205
58,30,3,Watch,1007340816
62,77,2,Watch,1477753193
80,95,2,Watch,1529055562
59,80,2,Watch,1374078323
31,46,1,Watch,1185121106
84,8,2,Watch,1464309419
43,24,4,Watch,1207977932
87,63,4,Watch,1563348067
17,65,1,Watch,1018699797
84,21,4,Watch,1407391734
15,2,5,Watch,1493732059
95,60,4,Watch,1384544255
2,75,2,Watch,971396932
48,73,5,Watch,1253278448
66,70,1,Watch,1308949612
18,30,5,Watch,1150351256
87,99,4,Watch,1133159481
96,51,4,Watch,1243755542
53,50,5,Watch,1121055233
55,3,4,Watch,1346403034
10,74,1,Watch,1165759403
52,29,3,Watch,1223113398
95,98,5,Watch,1063837271
56,64,3,Watch,1177173498
